tsRNA_name,sequence,disease_name,score
tDR-1:33-Gly-GCC-1,GCAUGGGUGGUUCAGUGGUAGAAUUCUCGCCUG,Hepatocellular Carcinoma (HCC),0.9998573
tDR-55:76-Gly-GCC-2,UCGAUUCCCGGCCAAUGCACCA,Hepatocellular Carcinoma (HCC),0.9998311
tDR-1:23-Gly-CCC-1-M4,GCAUUGGUGGUUCAGUGGUAGAA,Hepatocellular Carcinoma (HCC),0.9997863
tDR-35:73-Asp-GTC-2-M2,UCACGCGGGAGACCGGGGUUCGAUUCCCCGACGGGGAGC,Hepatocellular Carcinoma (HCC),0.9996724
tDR-1:35-His-GTG-1,GCCGUGAUCGUAUAGUGGUUAGUACUCUGCGUUGU,Hepatocellular Carcinoma (HCC),0.99966633
tDR-1:34-chrM.Gln-TTG,UAGGAUGGGGUGUGAUAGGUGGCACGGAGAAUUU,Hepatocellular Carcinoma (HCC),0.999663
tDR-1:31-Glu-CTC-1-M2,UCCCUGGUGGUCUAGUGGUUAGGAUUCGGCG,Hepatocellular Carcinoma (HCC),0.99962544
tDR-55:76-Leu-CAA-1-M5,UCGAAUCCCACUUCUGACACCA,Hepatocellular Carcinoma (HCC),0.99961084
tDR-55:76-Phe-GAA-1,UCGAUCCCGGGUUUCGGCACCA,Hepatocellular Carcinoma (HCC),0.9995907
tDR-48:75-Phe-GAA-1,CCCUGGUUCGAUCCCGGGUUUCGGCACC,Hepatocellular Carcinoma (HCC),0.9995907
tDR-1:34-Phe-GAA-8,GCCGAGAUAGCUCAGUUGGGAGAGCGUUAGACUG,Hepatocellular Carcinoma (HCC),0.99954826
tDR-T1:T19-Ser-TGA-1-1,GAAGCGGGUGCUCUUAUUU,Hepatocellular Carcinoma (HCC),0.999498
tDR-26:58-chrM.Glu-TTC,GGUUUUUCAUAUCAUUGGUCGUGGUUGUAGUCC,Hepatocellular Carcinoma (HCC),0.9994174
tDR-48:68-chrM.Val-TAC,GAUAAUCAUAUUUACCAACCA,Hepatocellular Carcinoma (HCC),0.9994055
tDR-49:68-chrM.Val-TAC,AUAAUCAUAUUUACCAACCA,Hepatocellular Carcinoma (HCC),0.9994055
tDR-50:68-chrM.Val-TAC,UAAUCAUAUUUACCAACCA,Hepatocellular Carcinoma (HCC),0.9994055
tDR-1:22-chrM.Gln-TTG,UAGGAUGGGGUGUGAUAGGUGG,Hepatocellular Carcinoma (HCC),0.99935776
tDR-1:23-Gly-GCC-1,GCAUGGGUGGUUCAGUGGUAGA,Hepatocellular Carcinoma (HCC),0.99935776
tDR-1:20-Thr-AGT-2,GGCUCCGUGGCUUAGCUGGU,Hepatocellular Carcinoma (HCC),0.99935776
tDR-60:76-His-GTG-1-M2,UCCGAGUCACGGCACCA,Hepatocellular Carcinoma (HCC),0.99924845
tDR-37:76-Val-TAC-1-M2,ACGCAGAAGGUCCUGGGUUCGAGCCCCAGUGGAACCACCA,Hepatocellular Carcinoma (HCC),0.9992105
tDR-55:76-Arg-ACG-1-M2,UCGACUCCUGGCUGGCUCGCCA,Hepatocellular Carcinoma (HCC),0.9991685
tDR-57:76-Tyr-GTA-2-M2,GAUUCCGGCUCGAAGGACCA,Hepatocellular Carcinoma (HCC),0.99916637
tDR-58:76-Pro-AGG-1-M7,AAUCCCGGACGAGCCCCCA,Hepatocellular Carcinoma (HCC),0.99916637
tDR-60:76-Tyr-GTA-3-M2,UCCGGCUCGGAGGACCA,Hepatocellular Carcinoma (HCC),0.99884653
tDR-60:76-Tyr-GTA-1-M5,UCCGGCUCGAAGGACCA,Hepatocellular Carcinoma (HCC),0.99884653
tDR-55:76-Cys-GCA-2-M7,UCAAAUCCGGGUGCCCCCUCCA,Hepatocellular Carcinoma (HCC),0.99884653
tDR-60:76-Cys-GCA-2-M7,UCCGGGUGCCCCCUCCA,Hepatocellular Carcinoma (HCC),0.99884653
tDR-1:32-Val-AAC-1-M6,GUUUCCGUAGUGUAGUGGUUAUCACGUUCGCC,Hepatocellular Carcinoma (HCC),0.99879956
tDR-1:34-Gly-TCC-2,GCGUUGGUGGUAUAGUGGUGAGCAUAGCUGCCUU,Hepatocellular Carcinoma (HCC),0.99879956
tDR-1:31-Val-AAC-1-M6,GUUUCCGUAGUGUAGUGGUUAUCACGUUCGC,Hepatocellular Carcinoma (HCC),0.99876344
tDR-48:76-Phe-GAA-1,CCCUGGUUCGAUCCCGGGUUUCGGCACCA,Hepatocellular Carcinoma (HCC),0.9987299
tDR-58:76-Ser-AGA-1-M6,AAUCCUGCCGACUACGCCA,Hepatocellular Carcinoma (HCC),0.9987299
tDR-50:76-Glu-CTC-1-M3,CGGGUUCGAUUCCCGGUCAGGGAACCA,Hepatocellular Carcinoma (HCC),0.9987098
tDR-59:76-Pro-AGG-1-M8,AUCCCGGACGAGCCCCCA,Hepatocellular Carcinoma (HCC),0.9987098
tDR-59:76-Ser-AGA-1-M6,AUCCUGCCGACUACGCCA,Hepatocellular Carcinoma (HCC),0.99767166
tDR-1:34-Val-AAC-1-M3,GUUUCCGUAGUGUAGUGGUUAUCACGUUCGCCUA,Hepatocellular Carcinoma (HCC),0.9976568
tDR-37:75-Glu-CTC-1-M2,ACCGCCGCGGCCCGGGUUCGAUUCCCGGUCAGGGAACC,Hepatocellular Carcinoma (HCC),0.994802
tDR-37:76-Glu-CTC-1-M2,ACCGCCGCGGCCCGGGUUCGAUUCCCGGUCAGGGAACCA,Hepatocellular Carcinoma (HCC),0.994802
tDR-60:76-Arg-ACG-1-M2,UCCUGGCUGGCUCGCCA,Hepatocellular Carcinoma (HCC),0.99425983
tDR-60:76-Thr-TGT-1,UCCCAGUAGAGCCUCCA,Hepatocellular Carcinoma (HCC),0.99425983
tDR-T2:T18-Phe-GAA-1-2,GAGAGCGCUCGGUUUUU,Hepatocellular Carcinoma (HCC),0.9938501
tDR-1:33-Gly-GCC-2-M3,GCAUUGGUGGUUCAGUGGUAGAAUUCUCGCCUG,Hepatocellular Carcinoma (HCC),0.9904136
tDR-1:34-Lys-CTT-1-M2,GCCCGGCUAGCUCAGUCGGUAGAGCAUGGGACUC,Hepatocellular Carcinoma (HCC),0.9904136
tDR-1:31-His-GTG-1,GCCGUGAUCGUAUAGUGGUUAGUACUCUGCG,Hepatocellular Carcinoma (HCC),0.9904136
tDR-1:32-chrM.Lys-TTT,CACUGUAAAGCUAACUUAGCAUUAACCUUUUA,Hepatocellular Carcinoma (HCC),0.9904136
tDR-1:33-Gly-CCC-1,GCAUUGGUGGUUCAGUGGUAGAAUUCUCGCCUC,Hepatocellular Carcinoma (HCC),0.9904136
tDR-35:76-Lys-TTT-3,UUAACCUGAGGGUUCAGGGUUCAAGUCUCUGUUUGGGCGCCA,Hepatocellular Carcinoma (HCC),0.9899282
tDR-1:31-Gly-GCC-1-3,GCAUGGGUGGUUCAGUGGUAGAAUUCUCGCA,Hepatocellular Carcinoma (HCC),0.9896107
tDR-1:31-Lys-CTT-1-M2,GCCCGGCUAGCUCAGUCGGUAGAGCAUGGGA,Hepatocellular Carcinoma (HCC),0.9896107
tDR-1:31-Gly-GCC-1-2,GCAUGGGUGGUUCAGUGGUAGAAUUCUCGCC,Hepatocellular Carcinoma (HCC),0.9896107
tDR-1:31-Glu-TTC-3-M4,UCCCUGGUGGUCUAGUGGCUAGGAUUCGGCG,Hepatocellular Carcinoma (HCC),0.98961055
tDR-1:30-Gly-GCC-1,GCAUGGGUGGUUCAGUGGUAGAAUUCUCGC,Hepatocellular Carcinoma (HCC),0.9895356
tDR-1:33-Gly-CCC-2,GCGCCGCUGGUGUAGUGGUAUCAUGCAAGAUUC,Hepatocellular Carcinoma (HCC),0.98728704
tDR-55:76-His-GTG-1-M2,UCGAAUCCGAGUCACGGCACCA,Hepatocellular Carcinoma (HCC),0.9871475
tDR-1:32-Gly-TCC-3,GCGUUGGUGGUAUAGUGGUAAGGAAGCUGCCU,Hepatocellular Carcinoma (HCC),0.98154277
tDR-1:30-Gly-CCC-3,GCAUUGGUGGUUCAAUGGUAGAAUUCUCGC,Hepatocellular Carcinoma (HCC),0.9029336
tDR-1:28-Gly-CCC-6,GCACUGGUGGUUCAGUGGUAGAAUUCU,Hepatocellular Carcinoma (HCC),0.9029336
tDR-3:36-Val-CAC-1-M3,UUCCGUAGUGUAGUGGUUAUCACGUUCGCCUCAC,Hepatocellular Carcinoma (HCC),0.89973545
tDR-59:76-Gln-CTG-1-M2,AUCUCGGUGGAACCUCCA,Hepatocellular Carcinoma (HCC),0.8061108
tDR-59:76-Ala-AGC-2-M5,UCCCCGGCACCUCCACCA,Hepatocellular Carcinoma (HCC),0.8061108
tDR-53:76-Ala-CGC-1-M4,GUUCGAUCCCCGGCAUCUCCACCA,Hepatocellular Carcinoma (HCC),0.8061107
tDR-59:76-Leu-CAG-1,AUCCCACUCCUGACACCA,Hepatocellular Carcinoma (HCC),0.8061107
tDR-1:24-Ser-CGA-1-M3,GCUGUGAUGGCCGAGUGGUUAAGG,Hepatocellular Carcinoma (HCC),0.7855152
tDR-1:31-Val-CAC-2,GCUUCUGUAGUGUAGUGGUUAUCACGUUCGC,Hepatocellular Carcinoma (HCC),0.73950124
tDR-1:34-Val-CAC-2,GCUUCUGUAGUGUAGUGGUUAUCACGUUCGCCUC,Hepatocellular Carcinoma (HCC),0.68640256
tDR-1:32-Val-CAC-2,GCUUCUGUAGUGUAGUGGUUAUCACGUUCGCC,Hepatocellular Carcinoma (HCC),0.5577012
tDR-1:32-Gly-GCC-1,GCAUGGGUGGUUCAGUGGUAGAAUUCUCGCCU,Hepatocellular Carcinoma (HCC),0.47454813
tDR-40:73-Glu-TTC-2,CAGGCGGCCCGGGUUCGACUCCCGGUGUGGGAAC,Hepatocellular Carcinoma (HCC),0.46755552
tDR-37:75-Glu-TTC-2,ACCCAGGCGGCCCGGGUUCGACUCCCGGUGUGGGAACCA,Hepatocellular Carcinoma (HCC),0.46755552
tDR-37:74-Glu-TTC-2,ACCCAGGCGGCCCGGGUUCGACUCCCGGUGUGGGAACC,Hepatocellular Carcinoma (HCC),0.46755552
tDR-56:75-Trp-CCA-4,CGAAUCACGUCGGGGUCACC,Hepatocellular Carcinoma (HCC),0.46755552
tDR-T1:T20-Leu-CAA-1-2,CAACUAUCUUAUUCUCCUUU,Hepatocellular Carcinoma (HCC),0.43573645
tDR-1:31-Gly-CCC-1-M4,GCAUUGGUGGUUCAGUGGUAGAAUUCUCGCC,Hepatocellular Carcinoma (HCC),0.33191985
tDR-T1:T22-Arg-TCG-1-1,AAGGGAGGUUAUGAUUAACUUU,Hepatocellular Carcinoma (HCC),0.30580255
tDR-59:76-Leu-CAA-1-M5,AUCCCACUUCUGACACCA,Hepatocellular Carcinoma (HCC),0.175557
tDR-T1:T18-Ser-CGA-1-1,UCACUAGUUUUGGUAUUU,Hepatocellular Carcinoma (HCC),0.13785093
tDR-1:32-Pro-AGG-1-M5,GGCUCGUUGGUCUAGGGGUAUGAUUCUCGCUU,Hepatocellular Carcinoma (HCC),0.13330884
tDR-1:31-Gln-CTG-1-M3,GGUUCCAUGGUGUAAUGGUUAGCACUCUGGA,Hepatocellular Carcinoma (HCC),0.12633091
tDR-1:30-Gly-TCC-1,GCGUUGGUGGUAUAGUGGUUAGCAUAGCUG,Hepatocellular Carcinoma (HCC),0.083596714
tDR-32:63-chrM.His-GTG,UGAAUCUGACAACAGAGGCUUACGACCCCUUA,Hepatocellular Carcinoma (HCC),0.03911453
tDR-1:22-Lys-TTT-1-M3,GCCUGGAUAGCUCAGUUGGUAG,Hepatocellular Carcinoma (HCC),0.035773605
tDR-T1:T16-Thr-TGT-2-1,CCUGUUGGCUUACUUU,Hepatocellular Carcinoma (HCC),0.02747919
tDR-1:28-Val-CAC-2,GCUUCUGUAGUGUAGUGGUUAUCACGUU,Hepatocellular Carcinoma (HCC),0.016104778
tDR-29:43-Asn-GTT-1-M6,CGGCUGUUAACCGAA,Hepatocellular Carcinoma (HCC),0.008871263
tDR-37:52-Gly-GCC-1-M3,CGCGGGAGGCCCGGGU,Hepatocellular Carcinoma (HCC),0.008871263
tDR-53:71-Asp-GTC-2-M2,GUUCGAUUCCCCGACGGGG,Hepatocellular Carcinoma (HCC),0.008871263
tDR-5:34-Leu-CAG-1-M2,GGAUGGCCGAGCGGUCUAAGGCGCUGCGUU,Hepatocellular Carcinoma (HCC),0.008871263
tDR-41:59-chrM.Phe-GAA,GUUUAGACGGGCUCACAUC,Hepatocellular Carcinoma (HCC),0.008871263
tDR-1:31-Gly-GCC-1,GGAUGGGUGGGUUCAGUGGUAGAAUUCUCGC,Hepatocellular Carcinoma (HCC),0.0060350182
tDR-56:72-chrM.Val-TAC,CUUGACCGCUCUGACCA,Hepatocellular Carcinoma (HCC),0.0052423934
tDR-1:29-Val-AAC-1-M6,GUUUCCGUAGUGUAGUGGUUAUCACGUUC,Hepatocellular Carcinoma (HCC),0.0042341156
tDR-1:24-Trp-CCA-2,GACCUCGUGGCGCAAUGGUAGCGC,Hepatocellular Carcinoma (HCC),0.0042341156
tDR-1:15-Tyr-GTA-1-M7,CCUUCGAUAGCUCAG,Hepatocellular Carcinoma (HCC),0.0042341156
tDR-1:32-Lys-TTT-3-M2,GCCCGGAUAGCUCAGUCGGUAGAGCAUCAGAC,Hepatocellular Carcinoma (HCC),0.003783358
tDR-1:24-Ala-AGC-2-M12,GGGGGUGUAGCUCAGUGGUAGAGC,Hepatocellular Carcinoma (HCC),0.0033525769
tDR-1:30-Lys-CTT-2-M2,GCCCGGCUAGCUCAGUCGGUAGAGCAUGAG,Hepatocellular Carcinoma (HCC),0.0027107024
tDR-44:59-Asp-GTC-2-M3,AGACCGGGGUUCGAUU,Hepatocellular Carcinoma (HCC),0.0025126988
tDR-14:31-iMet-CAT-1-M2,AGCGGAAGCGUGCUGGGC,Hepatocellular Carcinoma (HCC),0.0025126988
tDR-1:34-Glu-TTC-2,UCCCACAUGGUCUAGCGGUUAGGAUUCCUGGUUU,Hepatocellular Carcinoma (HCC),0.002424807
tDR-1:20a-Arg-TCT-4,GUCUCUGUGGCGCAAUGGAC,Hepatocellular Carcinoma (HCC),0.0023584801
tDR-T1:T20-Thr-AGT-1-1,CCGUGUUUCCCCCACGCUU,Hepatocellular Carcinoma (HCC),0.0022880244
tDR-T1:T33-His-GTG-1-9,UUGUGGAAACAAUGGUACGGCAAGGGCCUCUUU,Hepatocellular Carcinoma (HCC),0.0022880244
tDR-T2:T23-Val-CAC-7-1,CAUUGUAUUGUCCUCAGUUUUGUCU,Hepatocellular Carcinoma (HCC),0.0015114092
tDR-1:29-Lys-CTT-1-M2,GCCCGGCUAGCUCAGUCGGUAGAGCAUGG,Hepatocellular Carcinoma (HCC),0.0013997835
tDR-L21:L1-Leu-CAA-4-1,AGAAGCGCUCUGCUUCCGAGU,Hepatocellular Carcinoma (HCC),0.0010891535
tDR-e22:60-Leu-AAG-1-M9,AGGCGUGGGUUCGAAU,Hepatocellular Carcinoma (HCC),0.0009717817
tDR-1:20-Gly-CCC-2,GCGCCGCUGGUGUAGUGGU,Hepatocellular Carcinoma (HCC),0.00076309196
tDR-T1:T25-Ser-GCT-4-3,GCUAAGGAAGUCCUGUGCUCAGUUU,Hepatocellular Carcinoma (HCC),0.0007359644
tDR-1:25-Cys-GCA-2-M2,GGGGGUAUAGCUCAGUGGUAGAGCA,Hepatocellular Carcinoma (HCC),0.000611086
tDR-1:30-Val-AAC-1-M6,GUUUCCGUAGUGUAGUGGUUAUCACGUUCG,Hepatocellular Carcinoma (HCC),0.000611086
tDR-54:76-Thr-TGT-3,UUCAAUUCUCGCUGGGGCCUCCA,Hepatocellular Carcinoma (HCC),0.00056452677
tDR-8:32-Gly-CCC-1-M6,UGGUUCAGUGGUAGAAUUCUCGCCU,Hepatocellular Carcinoma (HCC),0.00056256296
tDR-1:32-chrM.Tyr-GTA,GGUAAAAUGGCUGAGUGAAGCAUUGGACUGUA,Hepatocellular Carcinoma (HCC),0.0005360684
tDR-1:31-chrM.Tyr-GTA,GGUAAAAUGGCUGAGUGAAGCAUUGGACUGU,Hepatocellular Carcinoma (HCC),0.0005360684
tDR-1:31-Ala-AGC-2-M5,GGGGGUGUAGCUCAGUGGUAGAGCGCGUGCU,Hepatocellular Carcinoma (HCC),0.0005360684
tDR-42:59-Gly-GCC-1-M2,GAGGCCCGGGUUCGAUUC,Hepatocellular Carcinoma (HCC),0.00053512957
tDR-35:75-Asn-GTT-2-M2,UUAACCGAAAGGUUGGUGGUUCGAGCCCACCCAGGGACGCC,Hepatocellular Carcinoma (HCC),0.0005150538
tDR-1:28-Gly-CCC-3,GCAUUGGUGGUUCAAUGGUAGAAUUCUC,Hepatocellular Carcinoma (HCC),0.000487505
tDR-1:28-Gly-CCC-1-M4,GCAUUGGUGGUUCAGUGGUAGAAUUCUC,Hepatocellular Carcinoma (HCC),0.000487505
tDR-1:20-Arg-CCG-1-M2,GGCCGCGUGGCCUAAUGGA,Hepatocellular Carcinoma (HCC),0.00045764647
tDR-1:20-Arg-ACG-1-M2,GGGCCAGUGGCGCAAUGGA,Hepatocellular Carcinoma (HCC),0.00045764647
tDR-59:76-Leu-AAG-1-M6,AUCCCACCGCUGCCACCA,Hepatocellular Carcinoma (HCC),0.0004343969
tDR-7:30-Gly-CCC-2,CUGGUGUAGUGGUAUCAUGCAAGA,Hepatocellular Carcinoma (HCC),0.0003207863
tDR-42:62-chrM.Phe-GAA,UUUAGACGGGCUCACAUCACC,Hepatocellular Carcinoma (HCC),0.0003207863
tDR-1:30-Lys-CTT-1-M2,GCCCGGCUAGCUCAGUCGGUAGAGCAUGGG	,Hepatocellular Carcinoma (HCC),0.00030220347
tDR-1:29-Gly-CCC-3,GCAUUGGUGGUUCAAUGGUAGAAUUCUCG,Hepatocellular Carcinoma (HCC),0.00030220347
tDR-1:25-Ser-AGA-1-M6,GUAGUCGUGGCCGAGUGGUUAAGGC,Hepatocellular Carcinoma (HCC),0.00030220347
tDR-1:41-Lys-CTT-1,GCCCGGCUAGCUCAGUCGGUAGAGCAUGGGACUCUUAAUCC,Hepatocellular Carcinoma (HCC),0.00030220347
tDR-1:16-Leu-TAA-1,ACCAGGAUGGCCGAGU,Hepatocellular Carcinoma (HCC),0.00029510845
tDR-1:15-Lys-CTT-7-M2,GCCCAGCUAGCUCAG,Hepatocellular Carcinoma (HCC),0.00029510845
tDR-1:24-Tyr-GTA-1-M3,CCUUCGAUAGCUCAGUUGGUAGAG,Hepatocellular Carcinoma (HCC),0.00029510845
tDR-1:14-Ala-AGC-4,GGGGAUGUAGCUCA,Hepatocellular Carcinoma (HCC),0.00029510845
tDR-1:14-Trp-CCA-1,GGCCUCGUGGCGCA,Hepatocellular Carcinoma (HCC),0.00029510845
tDR-1:29-Gly-GCC-4,GCAUAGGUGGUUCAGUGGUAGAAUUCUU,Hepatocellular Carcinoma (HCC),0.00029510845
tDR-1:16-Lys-CTT-1-M5,GCCCGGCUAGCUCAGU,Hepatocellular Carcinoma (HCC),0.00029510845
tDR-1:21-Ala-AGC-2-M12,GGGGGUGUAGCUCAGUGGUAG,Hepatocellular Carcinoma (HCC),0.00029510845
tDR-1:15-Val-TAC-1-M3,GGUUCCAUAGUGUAG,Hepatocellular Carcinoma (HCC),0.00029510845
tDR-1:14-chrM.Leu-TAA,GUUAAGAUGGCAGA,Hepatocellular Carcinoma (HCC),0.0002801773
tDR-L1:22-His-GTG-1-5,UGCCGUGAUCGUAUAGUGGUUAG,Hepatocellular Carcinoma (HCC),0.0002801773
tDR-1:17-Val-AAC-1-M10,GUUUCCGUAGUGUAGUG,Hepatocellular Carcinoma (HCC),0.0002801773
tDR-1:34-Leu-CAG-1-M2,GUCAGGAUGGCCGAGCGGUCUAAGGCGCUGCGUU,Hepatocellular Carcinoma (HCC),0.00027129505
tDR-32:47-Asp-GTC-1-M5,CUGUCACGCGGGAGAC,Hepatocellular Carcinoma (HCC),0.00026929655
tDR-8:28-chrM.Ser-GCT,CUCACAAGAACUGCUAACUCA,Hepatocellular Carcinoma (HCC),0.00026929655
tDR-14:35-chrM.Leu-TAG,AACAGCUAUCCAUUGGUCUUAG,Hepatocellular Carcinoma (HCC),0.00026929655
tDR-41:72-Glu-TTC-2,AGGCGGCCCGGGUUCGACUCCCGGUGUGGGAA,Hepatocellular Carcinoma (HCC),0.00024000197
tDR-5:23-Ser-AGA-1-M7,UCGUGGCCGAGUGGUUAAG,Hepatocellular Carcinoma (HCC),0.00024000197
tDR-37:42-Tyr-GTA-1-1,GUUGGCUGUGUGCUUAGACAUCCU,Hepatocellular Carcinoma (HCC),0.00024000197
tDR-28:54-Cys-GCA-2-M9,UUGACUGCAGAUCAAGAGGUCCCCGGU,Hepatocellular Carcinoma (HCC),0.00024000197
tDR-22:38-Asp-GTC-1-M3,GUAUCCCCGCCUGUCAC,Hepatocellular Carcinoma (HCC),0.00024000197
tDR-22:41-Glu-CTC-1-M2,GGAUUCGGCGCUCUCACC,Hepatocellular Carcinoma (HCC),0.00024000197
tDR-25:44-Gly-TCC-1-M3,UAGCUGCCUUCCAAGCAGUU,Hepatocellular Carcinoma (HCC),0.00024000197
tDR-1:22-Gly-CCC-1-M4,GCAUUGGUGGUUCAGUGGUAGA,Hepatocellular Carcinoma (HCC),0.0002384171
tDR-1:16-Glu-CTC-1-M6,UCCCUGGUGGUCUAGU,Hepatocellular Carcinoma (HCC),0.00023841688
tDR-1:16-Leu-CAA-6-M3,GUCAGGAUGGCCGAGC,Hepatocellular Carcinoma (HCC),0.00023841666
tDR-1:24-chrM.Ser-TGA,GAAAAAGUCAUGGAGGCCAUGGGG,Hepatocellular Carcinoma (HCC),0.00023841666
tDR-1:28-chrM.Ser-TGA,GAAAAAGUCAUGGAGGCCAUGGGGUUGG,Hepatocellular Carcinoma (HCC),0.00023841666
tDR-1:29-Gly-CCC-2,GCGCCGCUGGUGUAGUGGUAUCAUGCAAG,Hepatocellular Carcinoma (HCC),0.0002126662
tDR-1:32-Asp-GTC-2,UCCUCGUUAGUAUAGUGGUGAGUAUCCCCGCC,Hepatocellular Carcinoma (HCC),0.00020743799
tDR-1:32-Glu-CTC-1-M2,UCCCUGGUGGUCUAGUGGUUAGGAUUCGGCGC,Hepatocellular Carcinoma (HCC),0.00020743799
tDR-1:31-Glu-TTC-2,UCCCACAUGGUCUAGCGGUUAGGAUUCCUGG,Hepatocellular Carcinoma (HCC),0.00020743799
tDR-L1:33-His-GTG-1-1,CGCCGUGAUCGUAUAGUGGUUAGUACUCUGCGUU,Hepatocellular Carcinoma (HCC),0.00020743799
tDR-1:31-iMet-CAT-1-M2,AGCAGAGUGGCGCAGCGGAAGCGUGCUGGGC,Hepatocellular Carcinoma (HCC),0.00019868692
tDR-T1:T22-Ser-GCT-4-3,GCUAAGGAAGUCCUGUGCUCAG,Hepatocellular Carcinoma (HCC),0.00018725154
tDR-2:23-Val-AAC-1-M7,UUUCCGUAGUGUAGUGGUUAUC,Hepatocellular Carcinoma (HCC),0.00018555736
tDR-10:34-Gln-CTG-1-M3,GUGUAAUGGUUAGCACUCUGGACUC,Hepatocellular Carcinoma (HCC),0.00018555736
tDR-1:26-Leu-AAG-1-M4,GGUAGCGUGGCCGAGCGGUCUAAGGC,Hepatocellular Carcinoma (HCC),0.00016941543
tDR-1:30-Glu-TTC-9-1,GCAAUGGUGGUUCAGUGGUAGAAUUCUCGC,Hepatocellular Carcinoma (HCC),0.00016941543
tDR-1:30-Val-CAC-3,GUUUCCGUAGUGUAGCGGUUAUCACAUUCG,Hepatocellular Carcinoma (HCC),0.00016941543
tDR-1:30-Gln-TTG-3,GGCCCCAUGGUGUAAUGGUUAGCACUCUGG,Hepatocellular Carcinoma (HCC),0.00016941543
tDR-T1:T26-Ser-GCT-4-3,GCUAAGGAAGUCCUGUGCUCAGUUUU,Hepatocellular Carcinoma (HCC),0.00016418453
tDR-T1:T27-Ser-GCT-6-1,CUCGGCUUUCCCUGCUAACUGGGCUUU,Hepatocellular Carcinoma (HCC),0.00016418453
tDR-T1:T29-Ile-AAT-5-3,CGAGGGUUCUCACCUUCUCUCUCCGAUUU,Hepatocellular Carcinoma (HCC),0.00016418453
tDR-T1:T25-Cys-GCA-2-4,CUGUGCUCCGGAGUUACCUCGUUUU,Hepatocellular Carcinoma (HCC),0.00016418453
tDR-T1:T20-Ala-CGC-3-1,AAUCAGCCGACGUUUGCUUU,Hepatocellular Carcinoma (HCC),0.00016418453
tDR-T1:T30-Arg-CCT-2-1,UCGAGAGGGGCUGUGCUCGCAAGGUUUCUU,Hepatocellular Carcinoma (HCC),0.00016418453
tDR-T1:T18-Val-TAC-3-1,UGGUGUGGUCUGUUGUUU,Hepatocellular Carcinoma (HCC),0.00016418453
tDR-T1:T17-Gln-TTG-4-1,UUCAAAGGAGUACAUUU,Hepatocellular Carcinoma (HCC),0.00016418453
tDR-T1:T34-Thr-CGT-2-1,GAUAUCCAACCUUCAGCUAUAGGGUGGAGACUUU,Hepatocellular Carcinoma (HCC),0.00016418452
tDR-T1:T32-Gly-CCC-1-1,AGAGGGUCUUUUUCACCCCGCUGUUGCUCUUU,Hepatocellular Carcinoma (HCC),0.00016418452
tDR-L1:31-His-GTG-1-5,UGCCGUGAUCGUAUAGUGGUUAGUACUCUGCG,Hepatocellular Carcinoma (HCC),0.00015905638
tDR-1:36-Cys-GCA-2-M2,GGGGGUAUAGCUCAGUGGUAGAGCAUUUGACUGCA,Hepatocellular Carcinoma (HCC),0.00015905638
tDR-1:34-Phe-GAA-1-M2,GCCGAAAUAGCUCAGUUGGGAGAGCGUUAGACUG,Hepatocellular Carcinoma (HCC),0.00015905638
tDR-1:36-Cys-GCA-8-M7,GGGGGUAUAGCUCAGGGGUAGAGCAUUUGACUGCA,Hepatocellular Carcinoma (HCC),0.00015905638
tDR-1:33-Pro-CGG-1-M2,GAAGCGAGAAUCAUACCCCUAGACCAACGAGCC,Hepatocellular Carcinoma (HCC),0.00014928478
tDR-29:54-Asn-GTT-1-M5,CGGCUGUUAACCGAAAGGUUGGUGGU,Hepatocellular Carcinoma (HCC),0.00014885465
tDR-4:32-Lys-CTT-1-M2,CGGCUAGCUCAGUCGGUAGAGCAUGGGAC,Hepatocellular Carcinoma (HCC),0.00014885465
tDR-28:54-Asn-GTT-1-M5,UCGGCUGUUAACCGAAAGGUUGGUGGU,Hepatocellular Carcinoma (HCC),0.00014885465
tDR-3:32-Lys-CTT-1-M2,CCGGCUAGCUCAGUCGGUAGAGCAUGGGAC,Hepatocellular Carcinoma (HCC),0.00014885465
tDR-14:31-Gly-CCC-1-M8,AGUGGUAGAAUUCUCGCC,Hepatocellular Carcinoma (HCC),0.00012754434
tDR-32:54-Phe-GAA-1-M4,CUGAAGAUCUAAAGGUCCCUGGU,Hepatocellular Carcinoma (HCC),0.00012754434
tDR-21:41-Gln-CTG-1-M7,AGCACUCUGGACUCUGAAUCU,Hepatocellular Carcinoma (HCC),0.00012754434
tDR-47:73-Phe-GAA-1,UCCCUGGUUCGAUCCCGGGUUUCGGCA,Hepatocellular Carcinoma (HCC),0.000121436
tDR-2:29-Lys-CTT-1-M2,CCCGGCUAGCUCAGUCGGUAGAGCAUGG,Hepatocellular Carcinoma (HCC),0.000121436
tDR-60:76-Val-CAC-2,ACCGGGCAGAAGCACCA,Hepatocellular Carcinoma (HCC),0.000106372456
tDR-1:32-Pro-TGG-3-M5,GGCUCGUUGGUCUAGGGGUAUGAUUCUCGCUU,Hepatocellular Carcinoma (HCC),0.000105922234
tDR-1:33-Pro-TGG-1,GGCUCGUUGGUCUAGUGGUAUGAUUCUCGCUUU,Hepatocellular Carcinoma (HCC),0.000105922234
tDR-1:32-Pro-TGG-2,GGCUCGUUGGUCUAGGGGUAUGAUUCUCGGUU,Hepatocellular Carcinoma (HCC),0.00010592213
tDR-1:33-Val-AAC-1-M6,GUUUCCGUAGUGUAGUGGUUAUCACGUUCGCCU,Hepatocellular Carcinoma (HCC),0.00010592213
tDR-57:76-Ala-CGC-1-M4,GAUCCCCGGCAUCUCCACCA,Hepatocellular Carcinoma (HCC),9.408379e-05
tDR-55:74-chrM.Phe-GAA,ACAUCACCCCAUAAACACCA,Hepatocellular Carcinoma (HCC),9.408379e-05
tDR-1:33-Arg-CCT-1-M2,GCCCCAGUGGCCUAAUGGAUAAGGCACUGGCCU,Hepatocellular Carcinoma (HCC),8.1112e-05
tDR-1:33-Glu-CTC-1-M2,UCCCUGGUGGUCUAGUGGUUAGGAUUCGGCGCU,Hepatocellular Carcinoma (HCC),8.1112e-05
tDR-1:33-Leu-CAG-1-M2,GUCAGGAUGGCCGAGCGGUCUAAGGCGCUGCGU,Hepatocellular Carcinoma (HCC),8.1112e-05
tDR-T1:T20-Ser-TGA-1-1,GAAGCGGGUGCUCUUAUUUU,Hepatocellular Carcinoma (HCC),7.7356206e-05
tDR-59:76-Ala-AGC-1,UCCCCAGUACCUCCACCA,Hepatocellular Carcinoma (HCC),7.704671e-05
tDR-1:30-Ala-AGC-2-M5,GGGGGUGUAGCUCAGUGGUAGAGCGCGUGC,Hepatocellular Carcinoma (HCC),6.273406e-05
tDR-1:20-Ile-AAT-8,GGCCGGUUAGCUCAGUCGGC,Hepatocellular Carcinoma (HCC),6.273406e-05
tDR-1:26-Leu-CAG-1-M2,GUCAGGAUGGCCGAGCGGUCUAAGGC,Hepatocellular Carcinoma (HCC),6.273406e-05
tDR-55:76-Ala-CGC-1-M4,UCGAUCCCCGGCAUCUCCACCA,Hepatocellular Carcinoma (HCC),6.1509134e-05
tDR-59:76-Gly-CCC-2,UUCCCGGGCGGCGCACCA,Hepatocellular Carcinoma (HCC),6.1509134e-05
tDR-59:75-Val-AAC-1-M6,AACCGGGCGGAAACACC,Hepatocellular Carcinoma (HCC),6.1509134e-05
tDR-59:75-Ala-AGC-1,UCCCCAGUACCUCCACC,Hepatocellular Carcinoma (HCC),6.1509134e-05
tDR-55:76-Ala-AGC-2-M3,UCAAUCCCCGGCACCUCCACCA,Hepatocellular Carcinoma (HCC),6.1509134e-05
tDR-58:76-Val-TAC-1-M3,AGCCCCAGUGGAACCACCA,Hepatocellular Carcinoma (HCC),6.1509134e-05
tDR-55:76-Glu-TTC-2,UCGACUCCCGGUGUGGGAACCA,Hepatocellular Carcinoma (HCC),6.1509134e-05
tDR-58:75-Ala-AGC-1,UCCCCAGUACCUCCACCA,Hepatocellular Carcinoma (HCC),6.1509134e-05
tDR-60:76-Gln-TTG-1-M3,UCUCGGUGGGACCUCCA,Hepatocellular Carcinoma (HCC),6.1509134e-05
tDR-1:18-Val-AAC-1-M10,GUUUCCGUAGUGUAGUGG,Hepatocellular Carcinoma (HCC),5.9821086e-05
tDR-60:76-Leu-AAG-1-M6,UCCCACCGCUGCCACCC,Hepatocellular Carcinoma (HCC),4.2974152e-05
tDR-L20:L1-Asn-GTT-2-3,AAGGGGAAAAUGACACCGAA,Hepatocellular Carcinoma (HCC),3.974006e-05
tDR-1:30-Gly-CCC-1-M4,GCAUUGGUGGUUCAGUGGUAGAAUUCUCGC,Hepatocellular Carcinoma (HCC),3.766086e-05
tDR-61:76-Ala-CGC-1-M6,CCCGGCAUCUCCACCA,Hepatocellular Carcinoma (HCC),3.6463098e-05
tDR-1:27-Gly-GCC-1-M2,GCAUGGGUGGUUCAGUGGUAGAAUUU,Hepatocellular Carcinoma (HCC),3.2450633e-05
tDR-60:76-Val-AAC-1-M6,ACCGGGCGGAAACACCA,Hepatocellular Carcinoma (HCC),3.1843276e-05
tDR-55:76-Thr-AGT-2-M3,UCGAAUCCCAGCGGGGCCUCCA,Hepatocellular Carcinoma (HCC),3.1843276e-05
tDR-55:76-Ile-AAT-1-M4,UCGAUCCCCGUACGGGCCACCA,Hepatocellular Carcinoma (HCC),3.1843276e-05
tDR-55:76-Asp-GTC-2-M3,UCGAUUCCCCGACGGGGAGCCA,Hepatocellular Carcinoma (HCC),3.1347336e-05
tDR-1:16-chrM.Phe-GAA,GUUUAUGUAGCUUACC,Hepatocellular Carcinoma (HCC),1.7282162e-05
tDR-1:27-Val-CAC-2,GCUUCUGUAGUGUAGUGGUUAUCACGU,Hepatocellular Carcinoma (HCC),1.7282162e-05
tDR-L1:29-His-GTG-1-5,UGCCGUGAUCGUAUAGUGGUUAGUACUCUG,Hepatocellular Carcinoma (HCC),1.7282162e-05
tDR-1:30-Glu-TTC-3-M4,UCCCUGGUGGUCUAGUGGCUAGGAUUCGGC,Hepatocellular Carcinoma (HCC),1.7282162e-05
tDR-51:69-Asp-GTC-2-M2,GGUUCGAUUCCCCGACGGG,Hepatocellular Carcinoma (HCC),1.6983333e-05
tDR-15:41-chrM.Ser-GCT,GAACUGCUAACUCAUGCCCCCAUGUCU,Hepatocellular Carcinoma (HCC),1.6983333e-05
tDR-40:66-chrM.Glu-TTC,UUGGUCGUGGUUGUAGUCCGUGCGAGA,Hepatocellular Carcinoma (HCC),1.6983333e-05
tDR-50:71-Glu-CTC-1-M3,GGGUUCGAUUCCCGGUCAGGGA,Hepatocellular Carcinoma (HCC),1.6983333e-05
tDR-2:33-Gly-GCC-1,CAUGGGUGGUUCAGUGGUAGAAUUCUCGCCUG,Hepatocellular Carcinoma (HCC),1.6983333e-05
tDR-35:54-Arg-CCG-2,CGGAGCUGGGGAUUGUGGGU,Hepatocellular Carcinoma (HCC),1.6983333e-05
tDR-30:43-Gln-CTG-1-M7,GACUCUGAAUCCAG,Hepatocellular Carcinoma (HCC),1.6983333e-05
tDR-32:55-Asp-GTC-1-M4,CUGUCACGCGGGAGACCGGGGUUC,Hepatocellular Carcinoma (HCC),1.6983333e-05
tDR-10:38-chrM.Tyr-GTA,GCUGAGUGAAGCAUUGGACUGUAAAUCUA,Hepatocellular Carcinoma (HCC),1.6983333e-05
tDR-37:68-Glu-TTC-2,ACCCAGGCGGCCCGGGUUCGACUCCCGGUGUG,Hepatocellular Carcinoma (HCC),1.6983333e-05
tDR-35:54-Arg-CCG-1-M5,CGGAUCAGAAGAUUGAGGGU,Hepatocellular Carcinoma (HCC),1.6983333e-05
tDR-47:72-chrM.Val-TAC,GAGCUUAAACCCCCUUAUUUCUACCA,Hepatocellular Carcinoma (HCC),1.6983333e-05
tDR-1:25-Glu-CTC-1-M2,UCCCUGGUGGUCUAGUGGUUAGGAU,Hepatocellular Carcinoma (HCC),1.5469084e-05
tDR-T1:T15-Val-CAC-1-1,AAGUGGUUCCCGUUU,Hepatocellular Carcinoma (HCC),1.5449108e-05
tDR-T1:T17-Glu-TTC-2-2,UGACUGGACCUUUCUUU,Hepatocellular Carcinoma (HCC),1.5449108e-05
tDR-1:27-Glu-CTC-1-M2,UCCCUGGUGGUCUAGUGGUUAGGAUUC,Hepatocellular Carcinoma (HCC),1.47868495e-05
tDR-1:16-Leu-AAG-1-M4,GGUAGCGUGGCCGAGC,Hepatocellular Carcinoma (HCC),1.47868495e-05
tDR-1:29-Gln-TTG-1-M3,GGUCCCAUGGUGUAAUGGUUAGCACUCUG,Hepatocellular Carcinoma (HCC),1.47868495e-05
tDR-1:19-Arg-TCT-1,GGCUCCGUGGCGCAAUGG,Hepatocellular Carcinoma (HCC),1.47868495e-05
tDR-1:29-Gln-CTG-1-M3,GGUUCCAUGGUGUAAUGGUUAGCACUCUG,Hepatocellular Carcinoma (HCC),1.47868495e-05
tDR-1:23-Val-CAC-2,GCUUCUGUAGUGUAGUGGUUAUC,Hepatocellular Carcinoma (HCC),1.47868495e-05
tDR-1:24-chrM.Gln-TTG,UAGGAUGGGGUGUGAUAGGUGGCA,Hepatocellular Carcinoma (HCC),1.47868495e-05
tDR-38:72-chrM.Asn-GTT,ACUAAGUGUUUGUGGGUUUAAGUCCCAUUGGUCUA,Hepatocellular Carcinoma (HCC),1.44909245e-05
tDR-5:23-Val-AAC-1-M8,CCGUAGUGUAGUGGUUAUC,Hepatocellular Carcinoma (HCC),1.44909245e-05
tDR-32:62-chrM.Val-TAC,UACACUUAGGAGAUUUCAACUUAACUUGACC,Hepatocellular Carcinoma (HCC),1.44909245e-05
tDR-14:40-chrM.Ser-GCT,AGAACUGCUAACUCAUGCCCCCAUGUC,Hepatocellular Carcinoma (HCC),1.44909245e-05
tDR-14:30-Gly-CCC-1-M8,AGUGGUAGAAUUCUCGC,Hepatocellular Carcinoma (HCC),1.44909245e-05
tDR-20:40-Gly-GCC-1-M3,UAGAAUUCUCGCCUGCCACGC,Hepatocellular Carcinoma (HCC),1.1783497e-05
tDR-30:70-chrM.Val-TAC,CUUACACUUAGGAGAUUUCAACUUAACUUGACCGCUCUGAC,Hepatocellular Carcinoma (HCC),1.1783497e-05
tDR-35:71-chrM.Met-CAT,CCCCGAAAAUGUUGGUUAUACCCUUCCCGUACUACCA,Hepatocellular Carcinoma (HCC),1.1783497e-05
